{"cameraMode":{"drawMode":0,"name":"Shaded","section":"Shading Mode"},"sceneLighting":true,"audioPlay":false,"sceneViewState":{"m_AlwaysRefresh":false,"showFog":true,"showSkybox":true,"showFlares":true,"showImageEffects":true,"showParticleSystems":true,"showVisualEffectGraphs":true,"m_FxEnabled":true},"in2DMode":false,"pivot":{"x":-0.08209294080734253,"y":8.643045425415039,"z":-5.423458099365234},"rotation":{"x":0.059195518493652347,"y":0.7155399918556213,"z":-0.061087947338819507,"w":0.6933738589286804},"size":11.106060981750489,"orthographic":true}