{"cameraMode":{"drawMode":0,"name":"Shaded","section":"Shading Mode"},"sceneLighting":true,"audioPlay":false,"sceneViewState":{"m_AlwaysRefresh":false,"showFog":true,"showSkybox":true,"showFlares":true,"showImageEffects":true,"showParticleSystems":true,"showVisualEffectGraphs":true,"m_FxEnabled":true},"in2DMode":false,"pivot":{"x":4.681344509124756,"y":3.0583879947662355,"z":-3.8879573345184328},"rotation":{"x":0.01953551173210144,"y":0.9713310599327087,"z":-0.08586101979017258,"w":0.2209518700838089},"size":4.0129594802856449,"orthographic":true}