{"cameraMode":{"drawMode":0,"name":"Shaded","section":"Shading Mode"},"sceneLighting":true,"audioPlay":false,"sceneViewState":{"m_AlwaysRefresh":false,"showFog":true,"showSkybox":true,"showFlares":true,"showImageEffects":true,"showParticleSystems":true,"showVisualEffectGraphs":true,"m_FxEnabled":true},"in2DMode":false,"pivot":{"x":2.8571953773498537,"y":3.060030937194824,"z":-3.5891807079315187},"rotation":{"x":-0.0011005965061485768,"y":0.9885920882225037,"z":-0.15059125423431397,"w":-0.007249782793223858},"size":5.260834217071533,"orthographic":true}